<?xml version="1.0" ?>
  <dpinst>

<!-- The following search and subDirectory elements direct
     DPInst to search all subdirectories (in the root
     directory that contains DPInst.exe) to locate driver
     packages. -->
    <search>
      <subDirectory>.</subDirectory>
    </search>

<!-- The following language element localizes its child elements
     for the English (Standard) language. The child elements
     customize the text that appears on the DPInst wizard pages. -->
    <language code="0x0409">
      <dpinstTitle>DisplayLink Installer</dpinstTitle>
      <welcomeTitle>Welcome to the DisplayLink Installer!</welcomeTitle>
      <welcomeIntro>This wizard will walk you through installing or updating the driver for your DisplayLink device.</welcomeIntro>
      <installHeaderTitle>Installing the software for your DisplayLink device...</installHeaderTitle>
      <finishTitle>Congratulations! You have finished installing your DisplayLink device.</finishTitle>
      <finishText>Enjoy using your DisplayLink device.</finishText>
    </language>

<!-- The following elements set the configuration flags for DPInst. -->
    <enableNotListedLanguages/>
    <legacyMode/>
    <suppressAddRemovePrograms/>

  </dpinst>


